   -1.9959,   -0.1271
   -1.9959,   -1.8575
   -0.9493,   -0.0384
   -1.9245,   -1.8351
   -1.9959,   -1.5898
   -1.9959,   -2.1142
   -0.1764,   -0.1055
   -0.7776,   -2.3664
    1.9059,    2.9868
    3.7128,    1.8767
   -1.9959,   -2.9593
    0.1794,    0.2373
   -1.9959,   -6.3061
   -1.9959,   -0.5740
   -1.9959,   -1.1855
   -1.9959,   -0.3481
   -3.3686,   -0.8784
   -1.9959,   -0.1271
   -1.9959,   -2.4161
    6.1213,    7.4892
   -1.9959,   -3.4866
    2.8681,    4.7370
   -1.9959,   -1.0712
    5.9947,    7.4740
   -4.5730,   -4.3894
    1.0877,   -0.4836
    8.8160,    4.1871
   -0.2191,    0.7084
   -0.8502,   -2.2624
   -1.1875,   -0.7028
   -1.9959,   -0.9017
   -1.2967,   -0.7945
   -0.2689,   -1.3542
   -3.3953,   -1.8071
   -0.6862,    0.3148
   14.6518,   15.3080
   -1.1277,    0.9989
   -1.9959,   -0.9418
    0.5850,    0.5657
   -1.9959,   -1.9137
   -3.3220,   -2.0562
   -1.9959,   -0.5755
   -1.0393,   -0.4267
   -5.0719,   -1.6858
    2.2041,    2.3480
    0.4007,    2.6807
   -4.1097,   -3.7599
   -0.0976,   -0.1187
   -0.7619,   -1.1372
    9.8449,   10.4368
    0.5008,   -6.0118
   -1.9959,   -0.9223
   -1.7695,   -0.0067
   -0.4892,    0.9472
   -3.2417,   -1.1096
    3.9611,    4.1777
   -8.3824,   -8.5835
    1.1307,    0.2516
    1.3926,   -2.4031
   -1.9959,   -2.4272
   -1.9959,   -3.8144
    1.0460,    1.8903
    0.3106,    1.3575
   -0.8736,   -3.1464
   -1.9959,   -2.1348
    1.7778,    1.2432
   -1.9959,   -3.5270
   -1.9959,   -0.8786
    0.6469,    0.5105
    0.0640,    0.9889
   -0.7626,   -0.4474
    0.5840,   -0.5630
   -0.1196,    0.5245
   -1.9959,   -1.1057
   -1.9959,   -0.7325
    3.9295,    5.1455
   -1.9959,   -0.7549
   -1.9959,   -1.6250
    0.6473,    1.5543
   -1.9959,   -5.2011
    2.1066,    2.5187
    0.3864,    2.3992
   -1.9959,   -0.3102
   -1.9959,   -0.2562
   -1.9959,   -0.5827
    1.1911,    0.4717
   -2.4895,   -2.4606
   -1.9959,   -3.9698
   -6.4324,   -5.9879
   -1.9959,   -3.6893
   -1.9959,   -0.4018
   -1.9959,   -1.5659
   -0.8871,   -1.4432
   -1.9959,   -1.3782
    3.9163,    5.1439
   -1.9959,   -5.2154
    3.7767,    4.2791
   -2.1045,   -2.4754
   -1.9959,   -1.1702
    1.1852,    3.3568
   -1.9959,   -2.6476
   20.7572,   22.1876
   -1.9959,   -3.6602
   -1.9959,   -0.3910
   -1.8163,    0.0925
   -1.9959,   -0.5221
   -0.3585,    0.5312
    2.0018,    2.0996
   -1.9959,   -1.9136
   -0.7857,   -1.3315
   -1.6132,   -1.9694
   -1.9959,   -0.9749
   -1.7754,    0.1985
   -1.9959,   -3.4256
   -1.2765,   -0.7895
   -1.9959,   -1.1963
    1.3412,    1.4059
   -0.6571,   -1.3030
   -7.9332,   -8.4715
    0.7135,    0.4558
   -3.2730,   -2.6106
   -0.2964,    0.6523
   -0.3547,   -0.6120
   -0.4469,   -0.7573
   -0.7467,   -0.1031
    0.7421,   -9.1809
   15.0876,   14.4107
   10.1828,   11.6963
   -1.9959,   -2.6631
   -1.5221,   -1.9273
    4.3348,    5.5793
   -2.0049,   -3.0945
   11.2002,   10.6127
    1.5663,    2.2055
   -1.9959,   -6.8487
   -0.4468,   -2.5111
   -1.9959,   -4.7993
   -7.1288,   -6.8208
    1.0933,    3.1114
   -1.0227,   -1.5162
   -0.3131,    1.8624
    0.5793,    1.7235
   -1.9959,   -1.7044
   -1.9959,   -7.6526
   -1.7040,   -0.2488
   -1.9959,   -3.7050
   -0.8990,   -1.5078
   -1.9959,   -2.0076
   -1.9959,   -4.5104
    2.6877,    3.5955
   -1.9959,   -0.3156
   -1.9959,   -1.7486
   -3.9187,   -1.8441
   -1.9959,   -0.7926
    1.5543,    2.9740
    1.7693,    2.7407
   -1.9959,   -2.5353
    2.4321,    2.0498
    1.1227,    2.2513
   -1.1749,   -0.8754
    1.2041,    2.3019
    0.7532,    1.4803
    2.3627,   -2.9937
   -1.9959,   -8.9455
   -1.9959,   -3.0098
    5.2510,    5.8841
   -5.5424,   -1.7954
   -0.9277,   -1.0945
    0.0477,    0.3696
    9.4098,    9.3379
   -0.3215,   -1.4991
   -1.9959,   -2.7742
   -1.9959,   -2.2651
    1.7857,    2.6229
    4.0155,    5.2783
   -7.7153,   -4.8752
   -4.2614,   -1.9701
   -1.9959,   -3.6149
   -5.4870,   -7.9095
   -1.9959,   -3.8694
    0.1268,    0.7844
   -3.6978,   -3.2818
   20.3754,   18.5372
    2.6353,    2.8933
    0.8873,    2.7317
   -0.3594,   -1.5220
    3.2590,    4.4758
   10.6924,   12.1246
   -1.9959,   -1.0603
   32.0872,   26.2041
   16.7823,   12.3411
   -1.9959,   -1.3373
    0.1852,    2.0097
    0.9747,   -1.3147
   -4.3047,   -3.2910
    4.6329,   -3.5419
   -1.9959,   -0.9558
    1.4055,    2.7266
   -1.9959,   -2.5593
   -3.0768,   -2.7007
   -1.9959,   -5.5473
   15.9735,   12.8808
   -1.9959,   -1.1386
   -1.9959,   -6.5718
   19.3451,   22.1226
   -0.6456,    1.4294
   -1.9959,   -2.4296
   -1.9959,   -0.8507
    0.8584,    2.3167
   -1.9959,   -3.2914
   -0.2757,   -0.5720
   -1.9959,   -2.3331
    1.2029,    1.3467
   -7.0569,   -5.6965
   32.9447,   26.5072
   -3.3491,   -2.5431
   -0.1476,    0.3464
   -0.2219,   -0.0222
   -3.2996,   -2.0644
   -1.9959,   -0.5036
   -3.1439,   -1.8798
   -1.2478,   -0.8983
   -1.9959,   -0.1271
   -1.9959,   -2.3895
    1.6552,    0.6460
   -0.6277,   -1.1847
   -4.3021,   -6.6714
    3.9928,    4.3288
    1.8703,    4.0580
   -1.2847,    0.0783
   -1.9959,   -2.7913
   -0.7047,    0.2500
   16.8365,   13.5812
   -1.9959,   -4.4162
   -1.9959,   -0.3607
   -3.4729,   -1.8629
   -1.9959,   -1.3618
   -1.3865,   -0.0611
  -14.4464,  -10.9921
    1.4970,    1.7419
   -0.3487,    0.1967
   -3.0336,   -1.3966
   -2.9524,   -2.2863
   -1.4957,   -0.8488
    3.5152,    5.8530
   -1.9959,   -1.3606
   -1.9959,   -0.6089
   -2.3462,   -1.7156
    1.7057,    2.8189
   -2.8183,   -1.5938
   -2.4141,   -2.8373
   -1.0874,   -0.0177
   -1.9862,   -0.1727
    0.9416,   -0.7740
    0.9899,    2.3797
   -1.9959,   -1.7885
   -1.9959,   -2.6764
   -1.9959,   -2.0758
    0.7835,    2.2596
   -3.3228,   -1.0536
   -3.5937,   -1.3829
   -3.7774,   -1.3734
    2.2639,   -2.6028
   -1.9959,   -3.1499
   -1.9959,   -0.1271
   -2.7641,   -1.1223
   -1.9959,   -1.6073
    1.1883,    2.1887
    4.7069,    5.7947
   -3.1671,   -2.2028
   16.0318,   13.9365
   -3.2855,   -1.8202
    1.2563,    2.5111
   -1.9959,   -0.9331
    4.1587,    4.8706
   -1.9959,   -0.7988
   -2.5229,   -2.2003
   -2.7670,   -3.7700
   -1.5090,   -0.4018
    1.7595,   -1.5151
   -5.3069,  -11.4222
   -3.3014,   -5.8303
   -9.9461,  -10.2080
    3.2504,    0.5155
   -0.4139,    1.2321
   -1.9959,   -4.3174
   -1.9959,   -0.1271
   -2.7232,   -1.0912
   -1.9959,   -0.8688
   -2.1142,   -1.3541
   -1.9959,   -0.6429
   -1.9959,   -3.1863
    5.2886,    3.7862
   -4.3100,   -8.0694
   -1.9959,   -1.0346
   -0.7452,    0.9060
    9.2388,   10.3327
   -1.7665,   -0.3370
   -1.9959,   -3.6416
   18.7657,   19.0014
   -1.9959,   -1.1739
   -6.9244,   -2.8247
    5.5178,    6.3455
   -0.8692,   -4.4202
   -5.7981,   -4.7446
    0.9295,   -0.3667
   -1.2533,   -0.7198
   -6.6983,   -5.0560
   -5.5751,   -3.9250
   -1.9959,   -0.3293
   -0.5234,    0.0134
   -1.2938,   -0.4804
   -1.9959,   -1.4302
   -1.9959,   -1.6913
   -0.3313,   -0.0302
   -2.7843,   -2.0923
   -1.9959,   -0.8539
   11.8267,   12.5296
   -2.7123,   -2.3493
   -1.9959,   -1.6179
   -1.9959,   -0.4643
   -1.9959,   -1.3118
   -1.9959,   -0.9217
   -1.9959,   -1.2534
    1.3291,    3.1059
   -1.9959,   -1.4979
    1.3424,   -5.9043
   -1.9959,   -2.1765
   -1.9959,   -5.8868
   -1.9134,   -1.0873
   -0.4333,    0.5357
    0.0106,    1.3281
   -1.9959,   -1.9572
   -1.9959,   -0.4161
    0.3064,    0.8620
    1.5551,    1.7120
    0.3119,    1.0561
   -1.3472,   -1.7961
   -0.5247,    0.7326
   -1.9959,   -1.1238
    0.9614,    2.9424
    0.2733,   -1.2047
   -2.9579,   -3.4448
    0.4033,    0.6547
    6.0915,    2.3391
    1.5126,    2.0587
  -11.4321,   -7.6665
    0.4105,    0.9427
   -0.6223,    0.0229
    1.5983,    2.4643
    0.1221,   -1.9950
    0.5524,    1.7701
   -0.1897,    0.0606
   -1.9959,   -4.4978
   14.4244,    8.7629
    1.7217,    3.0039
   -2.9003,   -0.8997
   36.3403,   33.6014
  -13.5068,  -12.5550
   -1.9959,   -1.1163
    0.6101,    1.3289
    0.5609,    1.4327
    7.0204,    8.0592
    3.3340,    3.5047
    2.4822,    2.9615
   -1.9959,   -1.8466
   -1.0439,   -0.3855
    5.4880,    6.1901
   -1.9959,   -1.3673
   -1.6247,   -0.7084
   -1.9959,   -1.2878
   -1.9959,  -10.8659
   -0.6045,    0.3691
   -3.7444,   -3.8910
   -2.4329,   -1.6690
    4.8116,    4.9832
   -1.9959,   -1.5097
   -1.9959,   -1.5765
   -1.7354,   -0.5231
   -0.7676,    0.0774
   -2.9249,   -3.9824
    2.2951,    3.0796
    0.8434,    0.7732
   -1.9821,   -1.6806
   -1.2560,   -0.7417
   -0.2609,   -0.4571
    9.4196,    2.3359
   -1.9959,   -4.2280
   -1.9959,   -3.0567
   -1.9959,   -1.9383
    2.4343,   -0.8717
   -1.9959,   -1.2938
   -1.9959,   -7.2125
   -1.9959,   -0.9249
    1.2725,   -1.2539
   27.6658,   26.0214
   -1.9959,   -3.7403
    5.0993,    6.4449
   -1.6951,   -0.8262
   -2.6517,   -1.6026
   -1.3305,    0.6499
    0.9420,    1.3262
    0.6312,    1.8300
   -0.5596,   -0.3401
   -2.9979,   -1.5954
   -2.5715,   -1.2678
   -0.0972,    0.7994
   -0.5118,    0.5910
   -0.4750,    0.7052
   -1.9959,   -2.0258
   -1.9959,   -3.1879
   -1.9959,   -1.7829
   -1.2972,   -0.3344
   -1.9959,   -2.0737
    0.4049,    0.0458
    4.3984,    6.0277
    2.0835,   -6.7841
   -0.9661,   -1.0712
   -2.4542,   -1.0629
   -9.7619,   -8.3244
    5.9487,    4.9629
   -1.0562,   -2.4066
   11.1678,   11.7865
    7.7451,    8.2101
   -4.1658,   -7.1989
    0.9777,   -4.8511
   -1.2649,   -0.4063
   -2.0257,   -0.5999
   -0.6223,   -0.1803
   -2.8742,   -1.6625
    2.6284,    4.2525
   -1.9959,   -2.7797
   -1.9959,   -1.8237
   -3.3139,   -2.7873
   -1.9959,   -0.8145
   -1.9959,   -0.8462
   -1.9959,   -1.5918
   -1.9959,   -0.9325
    0.2310,    1.1864
   -1.9959,   -1.5878
   -1.9959,   -0.9328
   -1.9959,   -1.6215
   -1.9959,   -0.4974
   -1.9959,   -0.6811
   -0.5427,    0.6783
   -3.2157,   -1.1836
    0.3835,    2.0643
   -1.9959,   -1.0562
   -1.9959,   -0.7505
    1.2157,    3.0845
   -3.4491,   -2.5545
   -1.9959,   -4.0746
   -2.6602,   -0.4161
   -1.4239,   -0.5354
    8.7985,   -0.0136
   16.5690,   12.7057
    2.5575,    4.0394
   -3.7183,   -2.7105
   -1.9959,   -0.5514
    0.6429,    1.2298
   -1.9959,   -0.8735
   -2.5176,   -1.4846
   -0.0936,    1.4859
    2.1218,    4.0329
   -1.9959,   -0.6990
   -0.5914,    0.7765
   -1.9959,   -1.0262
   -1.9959,   -0.8155
   -1.9959,   -0.2897
   -2.7871,   -1.2332
   -1.3072,    0.0990
   -1.3537,   -0.4869
    8.9080,    7.9117
    5.7157,    4.6341
    1.1629,   -0.9989
   -1.4395,    0.1022
   -2.8809,   -1.3950
   -1.9959,   -1.3024
    4.8571,    3.2874
    1.4608,    2.3278
   -1.9959,   -0.5744
   -1.9959,   -0.8615
   -0.3783,    0.9598
   -1.3995,   -0.6233
   -1.9959,   -2.3966
   -1.3303,   -1.8002
   -1.9959,   -2.4581
    1.4190,    2.0646
    2.5797,    2.7490
    0.2028,   -2.3928
   -1.9959,   -3.7760
   -5.4375,   -2.3788
   -1.9959,   -3.8657
   13.3816,   11.6973
    0.0808,    0.3535
   -1.2660,   -0.7553
   -0.6254,    0.0094
   -1.9959,   -0.8522
   -1.2657,    0.6441
   -2.8852,   -1.5806
   -1.1181,    0.8979
   -1.8861,   -4.8332
   -1.9959,   -0.7497
    0.6667,    1.9390
   -1.9959,   -1.4383
   -1.9959,   -0.9721
   -1.7111,   -0.3789
   -1.9959,   -0.7606
   -0.5445,   -2.1702
    0.8475,    2.3588
   -4.3197,   -1.7669
    4.5062,    1.6663
    0.6709,    2.0111
    6.2939,    8.1627
   -1.9959,   -0.7637
   -0.4750,   -0.3277
   -1.9959,   -1.4143
    0.8016,   -2.9572
   -1.9959,   -4.3377
   -1.7637,   -1.8384
   -3.4114,   -2.1466
   -0.7574,   -1.6511
   -0.6430,    0.1132
   -2.4042,   -0.8964
    3.8805,    2.7284
   -1.6320,    0.0886
   -1.9959,   -0.6747
   -1.9959,   -0.9686
   -0.7534,    1.0451
    1.0664,    0.1332
    0.9846,    1.8735
   -1.9959,   -0.2494
   -0.1283,   -1.3937
   -1.9959,   -0.8960
   -1.9959,   -0.4992
   -1.9959,   -0.4247
   -1.9959,   -0.4101
   -1.1030,   -0.2239
   -0.4977,    1.2812
   -1.9959,   -1.1462
    1.8023,   -1.5842
   -1.2186,   -1.0250
   -1.9959,   -1.1192
    0.8920,    1.6359
   -1.9959,   -2.2067
    0.0160,   -0.5052
    9.4734,   10.7180
   -4.6990,   -2.3583
   -1.9959,   -0.9718
   -1.3514,   -0.7989
    1.6885,    2.6628
   -0.7348,   -1.5991
   -1.9959,   -0.5595
   -0.2936,    2.1044
   -1.9959,   -2.7899
    1.3456,    2.1463
   -1.9959,   -0.9554
   -1.9959,   -1.2415
   -1.1108,    1.3230
    1.3131,    2.5406
   17.7201,   20.6820
   -1.9169,   -1.0081
   -0.4959,   -0.0162
   -0.6297,   -1.8174
   -1.9959,   -3.7942
   -0.2522,    1.1572
   -1.9959,   -0.5586
   -1.9959,   -0.3816
   -2.5499,   -1.2727
   -1.5933,   -0.5126
   -2.9406,   -1.6527
    1.4677,    0.5602
   -1.9959,   -3.4818
   -0.8911,   -0.6620
   -1.9959,   -0.1271
   -1.9959,   -1.1305
   -1.9959,   -0.8376
   -1.9959,   -1.5059
   -1.9959,   -0.1271
   -7.7506,   -3.5831
   -1.9959,   -0.1271
   -1.9959,   -1.1305
   -1.9959,   -1.5059
    1.4616,    1.1772
    0.4449,    1.0610
   -3.5199,   -4.9640
   -0.7932,   -1.4104
    0.9352,    1.6210
   -1.6906,   -0.9135
   -2.4479,   -2.3135
   -1.1564,   -0.1357
    5.6115,    5.8654
    1.4134,    1.8322
   -1.6425,   -0.0896
    1.6034,   -0.3146
   -1.9959,   -1.0702
   -2.6157,   -4.3871
   -1.9959,   -1.1380
    4.8604,    6.3648
   -1.9959,   -2.2120
   -1.9959,   -1.6643
    3.9888,    1.0379
    3.0194,    3.2129
    6.0652,    5.7307
   -3.1416,   -3.9840
    0.3956,   -1.9857
   -1.9959,   -1.3199
    0.3736,    2.5354
   -1.4952,   -0.9181
    1.7893,    3.7552
   -0.2232,    0.2206
   -1.9959,   -1.6753
   -3.1374,   -1.1110
    0.1507,    1.1437
   -1.9959,   -0.8841
   -1.9959,   -1.5215
   -0.7181,    0.6469
   -2.4021,   -0.7871
    1.5794,    2.8422
   -0.3121,    0.1883
    2.3579,    2.0505
   -0.9505,   -0.3085
   -1.9959,   -1.0845
   -1.0359,   -0.5431
   -2.6433,   -2.0882
   -1.9959,   -0.7370
   -1.9959,   -0.8917
   -1.9959,   -0.6353
   -1.9959,   -0.4944
   -0.5709,    1.6315
   -1.9959,   -0.4944
    2.6253,   -0.1053
    2.5038,    3.0231
   -0.7321,   -1.5122
    9.4699,    8.0958
   -0.8557,   -4.4521
   -0.0323,    0.2128
   -1.7140,   -4.0951
   -1.4251,   -0.7041
   -2.0425,   -1.2885
   -1.9959,   -2.6603
    3.0128,    3.2043
   -2.4008,   -1.4701
    1.9343,    2.0492
    4.2184,    5.1464
    1.4978,    2.3232
   -1.8812,   -0.7120
   -0.4916,   -0.6492
    1.1299,    0.8536
   -0.9718,    0.0195
    0.6320,    1.8432
    1.5670,    1.4269
    0.2356,    0.3204
   12.8376,   13.4940
   -3.1265,   -2.6787
    4.7709,    5.4601
    0.2598,    0.1438
    2.7015,    3.2382
   -0.9378,   -0.4612
   -1.9959,   -2.5272
   -1.5292,   -0.5414
    1.1311,    2.2765
   -1.9959,   -1.7122
   -2.4091,   -1.5140
   -1.6880,   -0.3810
   -4.0713,   -2.7154
   -0.4231,   -0.8115
   -1.9959,   -2.6746
   -2.8769,   -3.2839
   -4.7523,   -2.8592
    0.9431,   -0.6344
   -0.3060,    1.0864
   -0.6126,    0.1482
   -1.9959,   -1.3172
   -2.5959,   -1.5542
   -1.9959,   -0.7727
   -5.7244,   -2.9211
    2.7854,    3.6601
   -0.0360,    1.2548
   -1.9959,   -0.4862
   -1.7276,   -1.0957
    1.4618,    0.9612
    0.7643,   -0.2511
   -1.0432,   -2.0568
   -0.1438,    0.6213
   -1.1123,   -0.6695
    1.7727,    0.7099
    0.3494,   -0.8395
    1.5273,    2.3080
   -0.0372,    0.3804
    0.6211,    0.8171
   -0.6875,    0.3774
    4.9197,    4.4772
    0.6073,    0.6544
   -5.1384,   -2.9329
   -2.4889,   -1.7437
    0.4208,    1.3624
   -1.9959,   -1.3320
   -1.7006,   -0.5759
    3.1576,    4.0777
    1.5633,    2.3654
   -1.9959,   -0.6602
   -1.9959,   -1.3621
   -2.5411,   -1.0362
    1.8132,    2.5927
    1.9316,    2.7147
   -1.9959,   -2.2243
   -1.8969,   -1.6745
   -1.9959,   -2.7913
   -8.8203,   -5.5551
    0.9539,   -0.7768
   -0.9068,   -0.5573
    1.7048,   -0.0120
    0.9613,   -2.1494
   -1.9959,   -1.4424
   -0.1303,   -0.5234
   -1.9959,   -1.7822
   -1.3671,    0.0867
    3.3302,    2.2987
   -1.9959,   -2.1788
    1.2674,   -0.6393
   -0.3075,   -0.1477
    2.4979,    3.9978
   -1.0974,   -3.5823
    3.6740,    4.0334
   -1.6601,   -0.9143
   -2.1207,   -1.2918
   -0.9208,    0.2813
   -1.1594,    0.0067
   -3.0463,   -1.1581
   -1.9959,   -2.0310
   -0.4742,   -1.8494
   -1.9959,   -2.2571
    2.1390,    0.6926
   -0.4854,   -0.7378
    1.7571,   -0.6056
    5.6424,    4.7188
   -0.5384,    0.6806
   -1.9959,   -2.1044
   -0.5995,   -0.0316
   -1.2589,   -0.7540
    0.6635,    0.2624
   -1.9959,   -1.3535
   -1.4855,   -0.3139
    0.8213,    2.0980
   -2.5442,   -1.7031
   -1.9959,   -0.9969
   -1.9959,   -0.3445
   -3.8850,   -1.1611
   -1.5418,   -1.1114
   -0.8647,    0.4895
   -1.9959,   -0.1271
   -0.1557,    1.0639
   -1.9959,   -1.6388
   -1.9959,   -0.6198
   -1.9959,   -1.0409
    1.5636,    0.7024
   -0.3149,    0.4954
    0.5100,    0.7505
   -0.2708,    1.1624
   -1.9242,   -1.1419
    4.9876,    5.3575
   -0.6833,   -1.5952
   -0.5244,   -5.1040
   -0.3575,   -0.7512
   -2.2823,   -1.6690
    5.7398,    4.2614
   -0.6814,   -1.8708
    0.1325,    1.5953
   -1.9959,   -0.8625
   -2.7154,   -1.3725
   -1.9959,   -1.4999
   -0.8570,   -0.9029
   -1.5499,   -0.2833
   -1.9959,   -1.5488
   -0.9134,    0.5881
   -1.5203,   -0.0660
   -1.9959,   -0.5713
   -1.9959,   -1.0895
    1.8026,    3.4337
   -0.0895,    0.0596
   -1.0019,   -1.5504
   -1.9322,   -0.9846
   -1.9959,   -2.6985
    0.9129,    2.1998
    2.3713,    2.7815
   -1.9959,   -1.0560
   -1.9959,   -1.6485
   -2.7610,   -2.5426
    0.4707,    5.1459
   -4.6285,   -3.1540
   -0.9359,   -0.6143
   -1.9959,   -4.0155
   -2.6623,   -2.2628
  -11.9142,   -8.4542
   -1.9959,   -4.3570
    0.7583,    2.4380
   -0.7290,   -0.6795
   -0.8541,   -0.4931
   -2.7134,   -1.6820
    0.7562,    0.2023
    2.8397,    3.8629
    1.0377,    2.1360
   -1.9959,   -3.3326
   -1.7914,   -1.2062
   -0.7554,   -0.0215
   -1.9959,   -1.7248
    0.3840,   -0.0599
   -0.1145,   -0.9552
   -0.7275,   -0.2819
    1.9790,    3.1067
    0.6413,   -0.2539
    0.1051,    2.1715
   -0.9434,    0.1434
   -1.9959,   -0.7685
   -2.7347,   -1.1731
   -1.9959,   -0.4562
   -1.9959,   -0.1271
   -0.1568,   -4.8730
   -1.9959,   -0.9419
   -1.9959,   -1.1869
   -1.9959,   -0.1271
   -1.9959,   -1.2447
   12.6054,   12.1615
    2.4464,    3.6026
   -1.9959,   -1.1495
    5.8880,    5.9794
   -1.3821,   -1.6820
   -1.2596,   -0.2018
    2.5709,    0.9667
    5.2365,   -1.0944
   -2.2747,   -1.3290
   -3.0442,   -2.0915
    0.1441,    1.6272
   -0.3788,    0.2319
   -0.5616,   -0.7803
   -0.3546,   -0.0020
   -1.4594,   -0.2768
   -1.5151,   -1.9997
   -1.9959,   -2.1011
   -0.2154,   -0.1295
   -0.7247,    0.0532
   -1.9959,   -3.5455
   -1.9959,   -2.2530
   -0.2262,    1.0324
   -2.1477,   -1.1685
    1.0399,   -1.3433
   -1.0585,   -0.5321
    1.0935,    1.1886
    0.0205,    0.5352
    1.1269,    1.0119
    1.3496,    2.9300
   -1.9959,   -0.5129
   -2.5326,   -0.9774
   -3.7777,   -1.5553
   -5.2918,   -1.9311
   -1.9959,   -1.2650
   -1.9959,   -0.1271
   -1.9959,   -0.7329
   -1.9959,   -0.1271
   -1.9959,   -0.1271
   -1.1324,   -0.7894
   -1.9959,   -1.2552
    3.6894,    2.6594
   -3.5808,   -1.9615
   -0.9873,   -0.0556
   -0.7108,   -0.3588
    1.8762,    2.6502
    1.3592,    2.2204
   -0.5391,    0.0654
    2.4593,    3.4424
   -0.8487,   -0.3332
    0.8213,    1.6905
   -1.6234,   -0.3196
   -2.5840,   -1.3324
   -3.5899,    1.1971
   -0.3989,   -1.9923
    0.2594,    1.7114
   -1.9959,   -1.4071
   -1.9959,   -1.6918
    0.0781,   -0.5420
   -0.3197,   -0.2568
   -4.0960,   -2.6480
    1.4193,    3.7178
   -3.6818,   -1.9175
   -2.6840,   -1.5174
   -1.0766,   -2.5041
    0.9714,    2.8402
   -4.6971,   -2.6996
    0.5389,    1.4820
   -1.9959,   -0.4399
   -1.2560,   -1.4617
   -1.9959,   -0.5878
   -1.5986,   -1.6725
   -3.7029,   -1.6897
   -1.6839,   -1.3627
   -1.0455,   -0.3837
   -0.7005,    0.5026
   -1.9959,   -0.9995
   -1.8038,   -0.9127
   -0.5946,   -0.0869
    3.2382,    3.2859
    9.4917,    9.2806
    1.9569,    2.7262
    0.7819,    0.4319
   -1.9959,   -1.5684
    0.5398,    1.8534
    4.1660,    2.5736
   -0.8218,   -1.4697
    1.1993,    0.9761
   -1.3026,   -0.9755
   -1.1451,   -3.1743
   -0.9581,   -0.8715
    0.1865,    1.1663
    1.9054,    3.2833
   -1.9959,   -1.8665
   -2.8591,   -2.2287
    4.5175,    5.2437
   -2.9755,   -2.8869
    0.0976,    1.0880
   -5.8607,   -1.4235
    0.0213,    0.6677
   -0.5805,    0.6531
   -3.7623,   -1.4779
   -5.5328,   -4.0069
   -3.6566,   -4.3928
    0.0363,   -0.8477
   -1.9959,   -0.1271
   -1.9959,   -0.2947
   -4.3136,   -3.3986
   -1.9959,   -0.6319
   -1.9959,   -1.5228
   -1.9959,   -0.6742
   -1.9959,   -0.1271
   -1.9959,   -0.1271
    5.6546,    7.5234
   -1.9959,   -0.8696
   -1.9959,   -0.1271
   -1.4635,   -0.6876
    1.2075,    2.3855
   -1.3156,   -1.8476
   -1.9356,   -1.5875
   -0.7277,   -1.9391
    3.8602,    4.9274
   -0.3648,    0.2865
   -3.0342,   -1.7319
   -1.9959,   -1.2407
   -0.6435,    0.0587
   -3.7718,   -3.6710
   -1.4125,   -1.3278
   -2.9936,   -2.0633
   -1.9959,   -1.3360
   -0.3980,    1.2542
   -1.9959,   -0.9743
    0.8244,    2.1229
   -0.9414,   -0.7264
   -1.9959,   -2.6578
    0.6833,   -0.1274
   -0.9362,   -1.0395
    1.2082,    0.2893
   -1.4975,   -0.4683
   -5.0118,   -4.7362
   -2.3985,   -1.7944
    0.6163,    1.7437
    0.4957,   -1.1390
   -2.1983,    1.9730
   -0.9161,   -1.6109
   -0.7303,   -3.7159
    3.9589,    2.3881
   -3.6754,   -4.4356
   -0.8207,   -0.6865
   -0.6963,   -1.4132
   -1.9959,   -1.9652
   -0.2109,    1.0293
    2.7521,   -1.6376
   -3.6305,   -1.9032
    0.7254,    1.9928
   -0.6938,    0.6120
   13.4068,   14.0355
   -1.9959,   -1.4313
    8.6572,   10.0377
    7.8563,    7.0137
   -2.5831,   -2.5292
   -1.9959,   -3.1575
   -1.0394,   -0.4290
   -1.0494,   -0.7910
    0.9052,    1.3790
    1.1126,   -2.1215
    0.8138,    2.5717
   -1.9959,   -1.7825
   -3.6074,   -1.6584
    0.8292,   -0.1360
    1.4881,    2.7414
   -2.9742,    0.9482
   -1.3306,   -0.7437
    0.9608,    1.3978
   -1.9959,   -4.2582
   -1.9959,   -1.4355
   -1.9959,   -1.1171
   -1.9959,   -1.5228
   -4.9382,   -2.2120
   -1.9959,   -2.0845
   -1.9959,   -0.1271
   -1.9959,   -0.4474
    1.6643,    2.1409
   -1.2119,   -2.1433
    2.9372,    4.8061
   -1.9959,   -0.9488
   -1.9959,   -0.9101
    0.0715,   -0.4905
   -1.9959,   -3.2110
    0.5410,    1.6475
    0.8567,   -0.5364
    4.1183,   -0.0818
   -0.0520,   -0.0107
   -2.9808,   -2.8504
    0.2828,    0.6795
   -1.9959,   -2.0766
   -0.0964,   -1.2136
   -0.0182,    1.4621
   -1.9959,   -2.6015
    4.3227,    6.1404
    0.6074,    1.4368
   -0.1432,   -0.5208
   -1.9959,   -2.2647
   -1.9959,   -2.4430
    9.4987,    8.9225
    3.2909,    1.7937
   -1.9959,   -3.1414
   -4.1922,   -0.6496
    0.2275,    0.0351
    1.0918,    0.1670
   -1.9959,   -2.3350
    0.7907,   -3.2420
   -1.3551,   -1.3884
   -0.7583,    0.2536
    6.4756,    7.0737
    1.7148,    0.8322
   -1.7699,   -0.8568
   -0.6399,    3.3063
   -2.2308,    0.3976
   -1.9959,   -1.5350
   -1.2878,   -0.1058
    4.3951,    4.1033
   -0.3642,    0.5399
   -2.0305,   -2.5618
    7.6311,    8.9155
   -0.9941,   -3.2453
   -1.9959,   -1.3148
    1.0365,    2.3357
    1.2797,    0.9751
   -0.0869,    0.1060
    1.9956,    2.8289
    1.6759,   -0.6843
   -1.9959,   -6.3514
    0.6977,    1.6219
    3.3537,    3.4426
   -2.9981,   -6.6232
   -1.9959,   -4.2229
   -0.0767,   -0.0977
    3.9747,    3.2418
   -5.2818,   -0.0720
   -6.5746,   -0.9422
   -0.5040,    3.4422
   -6.9988,   -1.5216
   -4.1392,   -0.8580
   -6.7902,   -1.6257
   -6.9988,   -1.8879
   -6.1602,   -1.3704
   -4.5099,   -3.7774
   -8.6044,   -4.1946
   -5.7628,   -1.1722
   -0.0045,    0.5380
   -2.6518,   -0.5941
    0.1942,   -0.4517
   -1.9959,   -2.4321
  -10.7075,   -5.2732
    1.4621,    2.9935
   -5.8414,   -4.1062
    0.0442,    1.6611
   -3.3232,   -1.9902
    4.5651,    4.7094
    0.4794,    2.3483
   -0.9999,   -2.4145
   10.8965,   11.1655
   -7.6936,   -1.4013
    0.9199,    0.6749
   -3.6276,    1.4239
    0.5646,   -0.4151
   -1.4038,   -1.5219
    1.4990,   -1.4521
   45.9657,   43.5445
   -5.6296,   -4.0187
   -0.4647,   -0.3248
    0.0600,    0.4996
   -4.8181,   -3.3264
   -2.6376,   -1.8852
   -6.9988,   -3.0296
   -0.0268,   -0.0543
   -1.9377,   -3.9556
    2.2947,    0.3742
    3.1501,    3.7328
   -1.9478,   -1.2250
    2.4308,    3.3925
    2.2820,    3.5780
   -1.9959,   -0.6806
   -1.9959,   -0.1271
   -1.9959,   -2.3631
    5.0480,    3.8605
   -4.9210,   -3.1261
   -1.9959,   -1.3188
   -0.9761,   -1.1548
   -1.9959,   -2.4442
   -1.9959,   -1.6375
   -5.2210,   -3.0533
   -1.9959,   -1.8139
   -0.4592,   -0.8655
   -1.9959,   -0.1271
   -3.7478,   -1.4703
   -3.0504,   -3.5452
    0.7996,    1.8944
   -6.8061,   -0.2095
    1.4950,   -0.7372
   -1.8886,   -1.3087
    0.2484,    0.4486
   -3.9284,   -6.1928
   -3.5951,   -1.6961
   -4.4438,   -4.3523
    2.0805,    3.2754
    5.3750,    5.0223
    0.0399,    0.6168
   -4.6981,   -4.6698
   -0.8791,   -0.3057
   -6.9988,   -3.0754
   -4.4867,    1.1851
   -3.3584,   -1.9879
   -2.4625,    0.5646
   -0.9056,   -5.3088
   -1.7815,    3.2505
   -3.2298,    2.3063
   -1.9959,   -2.0352
    2.0811,   -2.5388
   -1.9959,   -4.5749
    1.7078,    1.0089
   -0.6953,    4.6284
    1.4127,    1.2205
   -1.9959,   -2.0415
   -3.7131,    0.9670
    1.5426,    0.6790
   -0.6895,    2.3023
   -1.9959,   -1.3061
    3.8664,    6.0350
   -1.8917,   -3.4152
   17.0738,   21.9900
   -2.7858,   -1.2735
   -6.3711,   -1.8680
    0.7640,    1.8459
   -1.9959,   -2.5903
   -4.2302,   -2.9175
   -3.6595,   -2.9802
   -3.4263,   -3.1209
    0.6047,    1.3775
   -0.5268,    0.8431
   -0.3025,    0.2392
   -6.9988,   -1.4295
   -0.0770,   -4.5797
   -9.2075,   -4.4959
   -3.0300,   -3.1093
   -0.9391,   -5.5980
    5.2070,    5.1149
   -1.9959,   -0.6325
   -1.9959,   -1.0442
   20.5903,   18.4676
   -9.0063,   -3.6377
    3.6491,    1.8069
   -4.3827,   -2.1027
   -2.5227,    3.5994
   13.7751,   15.8584
   -0.4775,   -1.4766
   -7.0889,  -10.8436
   -0.3200,   -0.0949
   -1.9959,   -2.0174
   -1.9959,   -1.2836
    2.3836,    2.8393
    1.1416,   -0.0492
   -6.9988,   -2.3768
   12.7800,   13.0879
   -2.3490,   -2.6188
    1.4457,    2.4620
   -0.3897,    0.2385
    9.9682,   12.0522
    1.4010,    1.1615
   -1.9857,   -0.1090
   -1.9959,   -0.7697
   -1.8063,   -1.5559
   -6.6686,   -5.5809
   -2.2254,   -1.0218
   -0.6002,   -1.0903
    1.6530,    1.5677
   10.7727,    9.0390
   -1.9959,   -1.6714
   -0.2520,   -2.6645
    0.6185,    1.6433
   -1.9959,   -1.2962
   -6.9988,   -2.9608
    0.4829,    0.5488
   -8.5747,   -5.6185
  -12.6489,   -9.2055
    4.0647,    3.5985
   -5.6749,   -2.6248
   -4.3376,   -2.7892
   -5.8443,   -2.7871
   -1.9959,   -1.1736
    3.2831,    5.3555
   -1.9959,   -0.1271
   -2.3100,   -2.4530
   -1.9959,   -1.2535
    1.5396,    2.3957
   -2.7159,   -2.1266
   -0.1601,    1.2409
   -1.9959,   -2.0808
   -4.8778,   -1.2826
   -2.2209,    1.3208
   -6.9988,   -4.1529
   -2.7154,    2.0986
    3.2292,    4.7899
   -5.5048,   -3.4163
   -5.4849,   -1.1921
   -1.5895,    3.2355
  -11.8123,   -6.1298
   -4.5375,   -4.2942
    1.8125,    2.2499
    0.7459,    1.1354
    2.2703,    0.9416
   -0.7387,   -0.0807
   -5.7395,   -4.0041
   12.2748,   13.0774
   -6.9988,   -4.8553
   -1.4534,   -4.1999
   -1.9959,   -1.1373
    6.1311,    4.9417
   -1.9959,   -0.8145
   -1.1384,   -1.6902
   -1.9959,   -0.7413
    2.7619,    3.2542
   -6.1610,   -1.6431
    0.1227,   -1.2250
    2.4125,    1.7458
    0.5217,   -2.7496
   -5.5461,   -5.1463
    1.0845,    0.6058
   18.4301,   23.2321
    1.0036,   -1.8443
   -2.2683,    0.3715
   -0.0235,    1.6462
   -6.9988,   -3.5215
   -1.4007,    0.4404
   -4.6366,   -3.0450
   -0.3014,    0.9602
   -0.5810,   -3.0197
   -4.4082,   -4.2743
   -6.3761,   -6.0461
    2.0509,   -2.0094
   -1.9959,   -4.2124
   -0.7616,   -1.2564
   -1.9959,   -2.3741
    0.2663,    1.5307
   -1.8861,   -1.3311
    4.0818,    3.3257
    1.1801,    0.3901
   -5.3921,   -4.6769
   -8.5227,   -4.0427
    1.2541,   -4.1906
   -8.5570,   -4.3078
    9.1277,   12.0619
   -1.9959,   -3.2150
    0.5006,    0.9339
   -1.9959,   -1.6106
    2.9308,    1.7302
    0.1333,    1.7964
   -2.9489,   -1.6946
    0.4810,   -2.2187
   -0.8110,   -2.0975
   -1.1444,   -1.9242
   -5.4368,   -1.8588
    1.9044,    1.5961
   -2.7197,   -2.9563
   -1.4701,   -0.5560
    5.7813,    5.7662
   -2.9626,   -3.9408
   -4.4791,   -0.0449
   -6.9988,   -6.3085
   28.5596,   26.7894
    2.3197,    1.6802
   -5.4590,   -3.0088
   -3.0705,   -0.7205
  -10.3654,   -8.9107
   -5.1066,   -2.3814
   -1.9959,   -4.3931
    7.7281,   12.5229
   -6.9988,   -5.4734
    1.7021,   -1.9050
   -2.7771,   -1.8190
    2.6705,    2.6042
   -2.5475,    0.3213
   -0.9566,   -0.6764
   -2.7135,   -1.0284
    4.5025,    4.5057
   -4.3008,   -3.7743
   -0.4633,    0.0139
   -1.9959,   -3.4423
    1.7063,    7.2450
   -9.0144,   -8.3252
   -1.5760,   -1.7156
    0.0622,    2.7126
    1.6914,    3.2406
   -2.5753,   -2.0076
   -1.9959,   -1.2604
   -3.6350,   -2.1095
   -1.9959,   -0.1271
   -1.9959,   -1.8271
   -1.9959,   -1.6312
   -1.9959,   -1.1031
    1.7735,    3.6540
   -1.9959,   -1.8914
   -1.8686,   -1.4488
    1.0127,    0.5027
   -5.9039,   -1.9096
   -1.9959,   -3.9305
    2.5995,    1.8532
   14.4375,   17.5803
   13.3143,   11.0993
   -1.7022,    0.5366
   -4.9078,   -2.3216
   -1.9959,   -1.6902
   -3.6302,   -2.8960
    2.2311,    0.2460
   -1.9959,   -1.8408
   -4.3036,    4.7517
    6.8641,    8.9981
   -3.0216,   -2.5305
   -7.0980,   -6.1162
   -4.1390,    0.9391
    6.1817,   11.1195
   -6.9112,   -4.1674
   -1.9959,   -1.0985
   -1.9959,   -0.1271
   -1.9959,   -0.8271
   -2.8038,   -1.9991
   -2.3088,   -3.3209
   -4.9319,   -6.3971
    3.4325,    3.7815
   -7.3291,   -5.0768
   -5.8893,   -5.8253
    0.3731,    1.6732
   -2.5145,   -2.5782
    0.6712,    0.6288
   -0.2258,   -3.3009
    1.9415,    2.0582
    7.7850,    9.2247
    2.2986,    2.8666
   -1.9959,   -1.7929
   -5.2679,   -5.7531
    0.4230,   -1.1659
    5.6892,    8.9811
   -1.9959,   -0.5761
   -1.9959,   -0.1271
    2.9114,    0.7405
   -3.4371,   -1.2809
    1.2681,   -0.0820
   -0.2440,   -2.7051
    2.1242,    3.5375
   -7.0764,   -3.5723
    2.7566,    2.9823
    5.4678,   10.3841
   -1.9959,   -1.7040
   -6.3445,   -0.7335
   -1.9959,   -0.9253
   -1.8769,   -3.5384
   -1.9959,   -3.0357
    1.4583,    3.8185
    4.0185,    3.3474
   -1.9959,   -4.1576
   -2.0286,   -0.2403
   -7.5570,   -5.6868
   -2.8046,   -5.9679
   -3.7594,   -2.1036
    5.7845,    3.1065
   -8.1940,   -8.4107
   -4.0110,   -2.4567
   -1.9959,   -3.2401
    1.9252,    0.3476
    4.6869,    9.1497
   -2.2524,   -1.7329
   -2.8523,   -3.0739
   -6.7690,   -4.5172
   -2.3434,   -3.2225
   -4.0544,   -2.6503
   -3.2657,    0.4264
   -1.9959,   -0.9935
   -1.9959,   -3.6282
    0.9379,    0.9946
   -1.1879,    1.6448
    2.3265,    3.3391
    5.8450,    4.5142
   -0.2094,    1.3073
    2.8695,    3.7831
   -4.3214,   -0.7000
   -2.3273,    0.0537
   -7.7312,   -4.4953
   -1.3805,   -0.2154
   -6.9988,   -5.6103
   -2.1190,    0.0287
   -1.9959,   -1.7513
   -0.6517,   -0.8496
    5.5467,    6.7512
   -2.8973,   -3.6667
    3.1378,    1.3141
   -2.7977,   -3.6292
    5.6979,    4.2835
   -1.9959,   -1.8267
   -1.9959,   -1.7187
   -1.8663,   -3.3887
   -1.9959,   -2.4009
    0.9718,    4.9191
    3.6129,    3.5731
   -1.9959,   -2.0243
    5.9537,   12.3853
   -2.7806,   -2.9343
    0.9871,   -1.4759
   -6.5046,   -4.8518
   -3.0318,   -4.4647
    0.5073,    1.3704
   -1.1184,   -0.9591
   -3.2240,   -5.2502
   -0.9846,   -0.2371
    4.6769,    3.2601
   -0.0505,    0.0244
   -1.5454,    3.1981
    4.7267,    4.6668
    6.5592,    9.8160
   -3.6164,    2.6575
    2.5645,    3.9255
    1.6757,    1.8164
    1.8891,    1.7415
   -1.9959,   -3.0625
   -6.9988,   -9.0681
    3.9057,    2.8383
   -0.8686,   -1.2163
   -9.7333,   -7.3290
   15.1069,   12.4373
   -7.0492,   -2.7513
   -1.9959,   -0.9303
   -1.9959,   -0.3197
    0.7415,    2.6103
   -1.5217,   -3.1278
  -10.6033,   -7.4128
    3.1853,    2.9678
  -10.6960,   -7.3569
   -4.2713,   -0.0130
   -8.9241,   -6.5334
    0.8149,    5.2855
    3.4523,   -0.9650
   -7.9885,   -1.5827
   -1.4850,   -1.1281
    4.8104,    2.1741
    0.5110,   -0.8362
   -5.0307,   -3.7067
    5.4429,    5.7860
   -3.6365,   -0.6940
    9.4621,    7.5255
    2.7291,    4.8019
    3.2167,    6.9211
   -8.1972,   -0.2733
   11.9249,   11.3366
   10.3504,   10.2303
   -0.7704,   -1.9406
   -1.3536,   -5.0562
   -2.8330,    0.0716
   -1.1286,    1.5450
   -2.9966,   -2.4245
   -4.4184,   -2.7519
   -3.8301,   -2.4148
   -2.5493,    1.4916
   -3.9703,   -5.2505
   -7.7853,   -7.8066
   -5.4539,   -4.8009
   -1.9959,   -2.4037
   -6.9988,   -4.4412
   -6.9617,   -2.7078
    0.9774,    4.9734
    3.3293,    4.6325
   -0.1326,    1.6877
   -8.3922,   -6.0337
   -1.9959,   -5.5263
   -4.9499,   -2.7332
   -1.9959,   -0.7436
   -0.3925,    3.9232
   -0.2544,    4.8301
    2.1149,    2.4444
    3.6543,   -0.5434
   -1.6299,    3.8998
   15.9784,   14.4592
   -0.2733,    0.9430
   -2.4766,   -4.3722
   -0.1600,   -1.0713
    3.1654,    5.3700
    1.0233,    1.7810
   -0.7845,    1.9367
   -0.4416,    0.7825
   -4.1175,   -4.3694
    3.4572,    5.8585
    4.1712,    8.5792
    1.3195,    1.5605
    3.4168,    1.4873
   -5.0631,   -6.7582
   -1.9959,   -2.2239
    0.1999,    0.7426
   -0.3246,   -0.6180
    3.1263,    2.9284
   -3.9394,   -1.2996
    4.7611,   -2.7634
   -6.9988,   -6.6864
   -1.5267,   -3.9342
   -6.7323,   -5.4368
   -4.3865,    0.0022
    0.0507,    2.2425
    0.1665,   -0.0881
    0.0375,    1.1217
   -1.4326,    0.6054
   11.5015,   11.1404
   -9.3017,   -6.4471
    8.9382,    9.5392
   -4.5959,   -3.0396
   -3.3868,    0.6017
   -8.4267,   -6.3131
    3.8229,    2.6650
    3.5916,    4.5381
    4.9868,    5.9167
    0.7898,    1.9099
    1.4168,    1.2902
   -6.4884,   -4.4220
   -6.9988,   -3.6595
    8.1332,    8.8951
   -5.1023,   -3.9951
   -4.3056,   -1.3750
   -1.9959,   -3.6516
   -1.9959,   -2.8929
    3.5960,    4.3315
   -5.3766,   -3.4948
   -1.9959,   -1.3199
   -1.9959,   -4.3100
   -1.8207,   -3.3889
    0.2136,    4.0211
   -1.9959,   -1.9561
   -8.3396,   -4.7487
   19.1775,   17.0905
   -1.5669,    1.2363
   -3.6093,   -5.7141
    1.2064,   -3.0441
   16.7922,   16.6444
    7.7513,   12.5465
   -3.3204,   -2.7337
   -1.5347,   -1.5246
  -11.6269,   -7.2699
    6.9688,    8.7926
   -3.3936,   -2.4389
    1.8616,   -0.1520
   -1.9959,   -5.2446
    8.7881,    6.1984
  -10.5272,   -5.6717
   -2.7449,   -5.9912
   -3.4913,   -4.4353
  -10.4473,   -9.3947
    1.2373,    0.5665
    1.1091,    2.0574
   -1.9959,   -2.4099
   -4.6379,   -7.9502
   13.2778,   17.3677
    6.6464,    4.4305
   -2.7302,   -2.5742
    1.2721,   -2.3478
    2.4191,   -1.2253
   -1.9959,   -7.9267
   -1.9959,   -1.0285
    1.7834,    2.2320
   -0.7727,   -3.4008
   -1.4243,   -3.3088
   -5.0570,   -2.7020
   -6.0957,   -3.6166
    0.5090,    2.1307
    0.9074,   -1.2113
   -3.2429,   -4.5846
   -0.2982,   -1.3345
   -8.6854,   -8.6303
    5.0576,    7.3630
   -1.8428,   -2.0025
    3.9975,    6.3702
   -6.9988,   -7.1332
   -1.9959,   -2.7228
  -24.3561,  -26.3072
   -2.8402,   -1.7588
   -7.3519,  -10.4187
    0.6637,    0.8180
    9.4213,    9.5883
   -6.5831,   -6.8738
   -1.8290,    1.5253
   -3.1253,   -4.2183
    6.6648,    5.9043
    0.2696,   -1.8009
   -4.0251,   -1.5061
   -4.8206,   -0.9756
   -0.5807,    0.3144
   -0.5021,   -0.1127
    3.1095,    4.0575
   -1.9959,   -2.9474
   -6.5695,   -4.0809
   -6.5396,   -5.6103
   -3.7786,   -1.9822
   -1.1803,    1.6468
    9.0012,    8.6958
    6.2073,    9.2372
   11.0270,    7.2906
   -1.8333,   -4.6013
  -13.8118,  -11.4973
   -1.5491,   -0.5257
   -1.7470,   -3.0048
   -0.4319,    3.7102
    1.0085,    0.7371
   -5.5438,   -5.5171
   -6.8110,   -5.6079
   -7.5246,  -10.2073
   -1.9959,   -4.6328
   16.6469,   18.5157
    5.6651,    8.0340
   -1.9959,   -1.0633
    0.3064,    0.6199
    1.3044,    0.5502
   -1.9959,   -0.1271
    5.8007,    5.4163
   -2.0539,    2.4327
   -1.2874,   -0.4196
   -1.6877,    0.8161
   -3.5272,   -7.4352
    5.4379,    2.2763
   13.4291,   12.7520
   -8.1580,   -5.0627
    6.4831,    2.7648
   -1.8434,   -2.1791
   -3.1897,   -3.7063
   -4.0317,   -3.1647
   -5.8602,   -7.0692
    4.2351,    7.4454
    0.6544,    1.9955
    7.5125,    7.5522
    4.7287,    5.3304
   -5.5921,   -8.0825
   -0.8521,    1.0005
   -3.8527,   -2.5279
   -1.9959,   -2.3520
   10.6757,   10.7534
   -8.0310,   -6.6375
    0.3523,    0.2081
    1.4038,    2.3371
    3.7289,    2.7970
   -5.2456,   -6.1832
   -1.5699,   -3.2322
    5.1295,   -0.7071
   24.5579,   24.5678
    5.0080,    3.6077
    0.5889,    6.5691
   -0.8279,    2.1191
   -2.9520,    0.3119
   -0.5256,    1.2461
   -2.9711,   -5.5670
   -0.5581,    2.0461
    0.6340,    0.3848
    1.4865,    4.0175
    1.4421,    2.2096
   -6.9988,   -8.2857
   -0.7022,    0.2682
   -3.4468,   -3.4554
    4.9613,    3.3313
   -8.6562,   -7.8829
    6.6934,    1.6513
   -5.6995,   -1.3620
    1.1099,   -0.0960
   -1.5158,   -3.6861
   -6.1171,   -2.0867
    2.3010,   -2.1906
    8.7536,   10.2280
   -5.2353,   -3.2012
   15.9718,   19.3858
   -1.9959,   -2.5500
    4.7646,   -1.1824
   11.8267,   11.9010
    1.4781,   -0.4474
    5.1384,    7.0631
    5.5758,    6.6602
   -3.7278,   -3.8597
    2.5198,    2.9448
    1.5505,    1.2720
   -1.2762,   -2.4788
   -0.7470,   -0.7108
    6.5663,    1.5902
   -6.8720,   -4.9286
    9.1988,   12.2640
    7.4663,    4.8072
    1.3481,   -2.0571
   -4.3758,   -0.2205
   -1.0618,    4.3240
   -5.2686,   -0.0787
   -1.7124,    3.7181
   -7.2285,   -2.0310
   -5.7352,   -3.1139
   -1.9959,   -5.2192
    4.6630,    0.7267
   24.5713,   21.0666
   -2.3845,    3.6991
   -6.9988,   -1.7837
  -10.4534,   -8.5529
   -6.9988,   -1.0529
    7.0281,    4.5037
   -2.1033,   -0.4676
   -1.6926,    1.8948
   -6.9988,   -6.2433
    8.3792,    8.4843
   -6.9988,   -2.8243
    3.5736,   -2.7076
    5.0960,   -0.0857
   -1.9959,   -1.8410
   -1.1759,   -2.9590
    1.3917,    1.0058
   -3.5425,   -0.9860
   -6.6708,   -4.0847
   12.1141,   10.4415
   -2.1179,   -0.6472
   -5.8361,   -3.1347
    3.6350,    4.7414
    6.2308,    5.9512
   -1.8949,   -2.2198
   -0.2950,   -0.8641
   -6.1811,   -2.2702
   -1.1565,   -3.6974
    8.0797,    9.7337
    3.0167,    1.6409
   -1.4570,   -3.6021
    2.2418,   -1.3403
    6.8407,    7.1752
   -6.5066,   -4.1198
    1.7393,    2.9828
   -1.9959,   -6.0739
   -7.8666,   -6.4626
    7.7150,    3.1139
    7.2648,    6.1610
   -0.7175,    1.9800
   -9.6315,   -9.5075
    3.0971,    1.1173
   -0.9534,   -1.4797
   -6.9988,   -2.4741
    1.1169,    2.6128
   -4.2990,   -6.0769
   -8.5835,   -7.3801
   -0.6149,   -0.8547
    0.2235,   -0.5681
    4.0472,   -0.3801
    5.0482,    4.9230
   -2.2921,    0.4950
   -5.8034,   -4.4676
   -8.6532,   -3.2919
   -3.5446,   -6.8332
   -2.4628,   -5.4549
   -4.2768,   -6.0062
   -0.1520,    0.5570
   -1.0442,   -1.6577
    4.7082,    3.7291
    0.9348,    3.5708
  -10.5041,   -9.2989
   -7.9047,   -4.3533
   -3.9506,    0.1987
   -2.6791,   -1.0131
   -8.4957,   -3.5577
   -1.5122,    2.5278
   -1.8889,    0.7805
   -0.1249,    2.4391
   -0.8604,   -5.0980
    4.8555,    4.5681
    3.1530,    9.5653
   -4.0355,    0.6588
   -3.5909,   -3.1690
   -6.7352,   -5.9203
   -5.2114,   -2.3370
    1.3602,    5.0807
    1.7711,    3.1499
   16.9426,   17.8677
   -4.0588,   -2.2454
    0.2048,    1.2421
    0.4905,    0.7210
   -7.0091,   -7.3629
   -0.8859,   -2.5171
   -8.1235,   -7.7060
   -7.3949,   -7.0898
   -6.2742,   -5.9360
   11.6530,   11.2866
   -4.5828,   -6.0699
    5.4482,    4.5153
   -2.2233,   -5.7543
   -4.1804,   -3.8575
   -0.1486,    4.6769
   -6.9988,   -6.2052
   -8.6634,   -4.8986
   -2.8010,   -3.9744
   -8.9880,   -4.2273
   -1.9361,    0.5596
   -3.4727,   -1.8057
   -8.4777,  -10.0524
    3.4454,    1.7191
   -4.8120,   -3.4627
    0.0281,    2.1700
    9.2391,   10.0821
   -6.9988,   -4.3648
   11.2311,   15.5645
   -9.1907,   -5.0720
    4.0902,    7.0662
   -6.9988,   -4.8466
   -2.6469,    0.8588
   -6.9988,   -3.1408
   -2.2265,    7.0848
   -9.4799,   -4.4397
   -5.4097,   -0.6913
    7.2869,   12.0872
   -5.6654,   -1.1441
   -8.9263,   -6.1025
   -0.1288,    5.3719
    1.2012,   -1.2173
    6.5065,    5.7065
   -0.0802,    2.6598
   -1.4779,   -3.7492
   -1.5569,    1.5895
   -1.6536,   -0.8850
    4.4867,    0.4477
   -0.2925,    0.8940
   14.5097,   15.1124
   -4.3471,   -4.4848
    6.6341,    7.7689
   -4.8460,   -3.7345
    3.2835,    4.1236
   -2.0884,    1.3992
   -0.4661,    1.3130
   -1.5009,   -0.6418
    3.1469,    1.8139
   -6.6840,   -8.3804
    4.0640,    5.0398
    5.1351,    5.2290
   -8.3077,   -4.5146
    3.5799,    6.4767
   -2.3998,   -2.3069
    7.5119,    8.6841
   -4.9840,   -4.7983
   -6.8856,   -1.9150
    3.9438,    3.3534
   -7.8983,   -3.9714
   -1.0520,    0.2321
   -6.9988,   -4.4579
   -1.4730,   -0.9772
    3.0572,    5.2759
   -4.7619,   -1.1895
   -3.4317,   -1.2123
    2.3754,    3.1965
    1.7149,   -0.3451
    5.7601,    6.8963
   -3.3997,   -0.6847
   -1.3488,   -2.7192
   -1.4659,   -0.8778
   -2.8168,   -3.0185
  -10.2841,  -14.4688
    9.9680,    5.0782
    4.0441,    4.9098
    0.4581,   -0.1815
    0.6387,    2.4856
   -3.0979,   -4.7960
   11.4493,   13.0768
   -0.9918,    3.1934
    3.5289,    7.6420
   -4.6263,   -5.7684
  -10.5525,   -6.6368
    3.3717,    6.4256
   -5.2698,   -1.8553
   -2.9647,   -0.4619
   -3.9183,    0.4052
  -12.1325,   -7.4092
    1.3760,    2.9980
   -4.5199,   -4.5293
   -1.9649,   -2.6362
   -5.4511,   -6.0606
   -1.2949,    1.7346
   -2.6871,   -0.3483
    1.8602,    2.9483
   -2.1241,    0.9568
   -2.4732,   -3.7699
   -2.8689,   -3.0368
   -1.2981,   -0.8292
    4.9665,    4.2618
   -2.2296,   -4.6005
   -6.9988,   -2.8973
   -6.9988,   -3.9014
   -1.6643,    0.2870
   -3.8101,   -2.3118
   -6.9988,   -7.2484
   -4.4308,   -3.0151
   -2.2572,   -0.8320
    9.3200,   10.8350
   -1.5611,    0.2585
   -3.6413,   -3.2230
   -7.3006,   -6.9441
   -4.5680,   -5.2741
   -0.3648,   -1.5102
    0.4885,    4.3145
    3.6786,   -3.6804
    3.1508,   -2.8384
   -5.5524,   -4.3003
   -5.6117,   -4.1324
    0.1307,    0.4008
    4.0794,    3.7344
   -4.4710,    0.3080
   -1.9959,  -13.9750
    9.0467,   10.4412
    1.4191,   -1.1358
   -5.1132,   -7.0365
   -2.2155,   -2.4863
   -3.0431,   -1.0476
   -5.2306,   -2.7422
   -2.5979,    0.7105
    2.1250,    0.6598
   -2.8117,   -1.1899
   -9.4486,   -3.6410
    9.8802,    6.1077
   -2.8325,   -2.6061
    3.7001,    0.0384
   -0.4944,    0.6150
   -6.0688,   -4.2559
    3.4515,    0.5637
   -1.8152,    0.0474
   -4.2336,    0.8821
    7.5198,    7.1050
    1.4921,    0.8239
   -9.9443,   -7.0069
   -2.1646,   -6.6255
   15.3801,   12.2912
   -0.6355,   -2.3765
    1.6380,    2.0830
   -0.5872,   -1.3721
   -2.8505,   -2.1637
   -2.4639,   -1.3583
    7.0705,    3.1534
   -1.8542,    2.3034
    4.8162,    2.4079
    1.9650,   -3.1128
    2.7786,    0.2112
    2.3473,    3.7841
   -7.2683,   -2.0953
   -2.9691,   -5.0739
   21.9261,   19.8426
   -5.6620,   -2.1727
   -3.3581,   -1.3420
   -0.0852,   -3.0356
   -1.2365,    1.2943
   -0.6119,   -1.5640
   12.5529,   13.8946
   -2.0471,   -3.3282
   -3.8048,    0.3812
   -4.7482,   -1.4668
    0.9722,    4.8639
   -5.9133,   -4.8780
    2.6640,    6.6815
   -3.6363,   -4.1905
   -9.0137,   -6.3795
    8.9657,   11.3490
    6.2408,    9.0686
   -4.6497,   -5.8788
    2.8617,    5.4812
   -7.1834,   -9.9824
   -3.1874,   -2.1565
   -6.5322,   -4.0504
   -2.7550,    0.3289
   -8.0126,   -4.0650
   -0.7133,    4.5683
    1.4906,    5.7333
   -5.7507,   -1.8265
   -6.9988,   -4.5029
   -6.9988,   -5.1339
    0.6409,   -1.5522
   -2.6822,   -3.4554
   -3.6409,   -5.1529
    4.0582,    1.5246
    9.4342,    9.1392
    6.1707,   -0.5470
    8.9935,    8.7511
    2.4363,    3.4882
   -2.9772,   -6.5309
   -3.9513,    0.7487
    1.0585,    0.5902
    5.4002,    0.6548
   -8.0469,   -4.6058
   -0.3572,    1.2261
    1.5856,   -1.2997
    6.7183,    7.8011
    2.1160,   -0.5554
   -5.7564,   -3.4332
    1.8218,    1.1411
   -2.2363,   -4.4742
   -0.2158,    1.9391
   -1.0096,   -0.8270
    3.9738,    4.7864
  -11.2844,   -6.5048
   -4.6084,   -0.1520
    5.2191,    7.1050
    5.0289,    5.6068
   -9.0120,   -4.5178
   -3.5239,   -2.9459
   -4.4414,   -0.9194
    0.7459,    0.2945
   -6.3421,   -2.1978
   -4.5127,   -2.5392
   -0.1629,    2.4415
   -5.6871,   -0.6365
   -0.1175,    1.4553
    2.0000,    2.9329
   -2.3113,    0.2619
   -2.0159,    0.4348
    3.3618,    3.2217
    2.3435,    3.1596
    2.1981,    1.8927
   -2.8873,   -6.7463
   -3.6509,   -5.2041
   -2.8799,   -2.9186
   -2.6808,   -5.3624
    0.3568,    0.5617
   -5.5339,   -2.2041
   -7.5835,   -6.1333
   -3.5063,    1.2404
   -6.8049,   -4.6572
   -5.7680,   -4.1731
    0.4342,   -0.6132
  -10.6562,   -5.2893
   -0.0894,    0.6007
   -8.0074,   -8.2111
    3.3968,   -0.3533
   -0.8114,    0.0678
   -1.5336,   -3.4585
   -7.2543,   -5.4235
   -0.4647,    1.0257
   16.5452,   17.1462
    8.8634,    6.6951
   -1.6489,   -7.3446
   -1.8322,    0.1839
    5.9590,    1.3774
   -7.5332,   -9.3427
    7.2936,    7.7883
    4.6687,    2.8461
    4.6059,    0.8581
    2.4496,   -1.1662
    3.2261,    0.1384
   10.9513,    9.8419
   -5.8026,   -5.2042
    5.8077,    0.3418
   -4.5244,   -1.7450
   -6.9988,   -5.7262
    4.5467,    6.9748
    2.1562,    4.9550
   -6.4221,   -4.0352
    9.0516,    3.7455
    5.6864,    1.0417
   -6.9988,   -6.5903
    1.4922,    3.9055
   -7.9652,   -2.3137
   -3.8926,    0.8578
   -4.2347,   -1.3357
    0.9289,    4.5450
   -5.2236,   -2.3016
   -2.3481,   -3.6785
   -0.0075,    0.9831
   -9.0060,   -9.5726
    3.1605,    4.0764
    1.7983,   -1.5258
   -2.3829,   -4.4556
    4.3053,    1.1664
    4.7670,   -4.2214
   -8.4710,   -6.9866
    6.6332,   10.1191
   -0.6807,    1.1539
   -1.9827,    0.9198
  -11.1446,   -7.7072
    2.8082,    3.6159
   -2.5365,   -2.6692
   -2.7040,   -2.7435
    6.3257,    4.9199
   -4.1185,   -7.5207
    5.3316,    7.0382
    1.0073,    3.7721
   -5.6484,   -2.6589
   -1.8764,    2.0863
    5.7475,    7.4931
   -0.7849,   -4.6854
   -4.4907,   -7.7332
   -7.2197,   -7.2650
   -1.2528,   -0.5277
   -6.9988,   -6.2157
   -4.4906,   -6.4401
    8.1895,    6.3937
   -1.0669,   -3.5788
   -3.3201,   -0.1647
    1.0580,   -2.5432
    9.4717,    5.6308
   -5.4012,   -6.1980
   15.6077,   12.8747
   -3.2885,   -1.0530
   -0.1313,   -3.8127
   11.8048,   11.9647
   -7.8505,   -8.6658
   -8.4038,   -4.2738
   -4.9152,   -5.5648
   -4.9478,   -5.6990
   -7.0648,   -3.1406
   -4.6713,   -2.9662
    3.2686,   -1.9493
   -1.0557,    0.3525
    1.5031,   -1.7816
    1.7062,    1.1831
    0.1194,   -0.5098
   -1.7044,   -6.2887
    0.2863,    1.2876
   18.6660,   16.5228
    3.6781,    3.8419
    2.9301,   -0.6075
    4.8164,    0.1431
    2.6067,    5.3708
   -1.9959,   -5.5899
    2.2670,    6.2616
    1.2045,    1.5502
    1.5617,    3.4032
    2.5169,    5.5389
   -8.7394,   -6.3367
    4.3908,   10.1277
   -6.9988,   -6.3917
    9.4991,   11.3813
   -5.6996,   -4.8277
   -0.7747,   -0.6706
    3.9731,    2.8349
    9.9519,   10.0707
    3.7902,    6.3734
   -9.9995,  -10.0877
   -3.5830,    0.2246
   -3.5961,   -0.0685
   18.2901,   18.2891
    0.9979,   -0.3559
   -2.2124,    1.4225
   -1.3673,    1.6823
    2.4982,    1.2004
    1.9335,   -5.8544
   -6.9988,   -9.7603
   -1.1348,   -3.7116
   -0.8381,   -3.3936
    0.8665,    3.0827
    4.0724,   -1.2064
   -1.9959,   -5.3417
    4.3206,    2.8405
   -5.2440,   -5.9469
   -1.6368,   -1.9515
   -0.0549,    1.7084
    2.0870,    5.0643
   -1.6599,    0.1899
   -0.9098,   -1.4998
   -0.1326,   -1.0533
    2.4189,   -1.5668
   -1.8375,   -0.4758
    9.1802,    7.6066
    3.2497,    1.5253
   -2.4475,   -5.7910
    3.3323,   -1.8907
    9.1360,    8.0403
    5.0655,    6.3329
    7.5210,    5.2873
   -3.0404,   -7.7322
   -4.5869,   -2.9834
   -3.7401,    0.6557
    0.0779,    1.8269
    1.5593,    2.4480
  -14.7348,   -9.1406
    1.2864,    2.6893
   -5.4389,   -6.5898
    2.8919,    4.6343
    1.5687,    0.8710
   -2.1205,   -7.7700
   -5.2460,   -5.6458
    7.3290,    2.5740
   -1.0630,   -0.5712
    1.6506,    5.4975
    5.8236,    6.4411
   -0.8367,   -3.5656
    5.8613,    3.3711
    4.2719,   -1.6205
    0.0133,   -0.1197
    6.5284,    4.5487
    7.8268,    0.7137
    1.8292,    2.8951
  -10.9489,  -11.7558
  -10.0186,   -8.3587
   -3.0970,   -5.1711
   -3.6439,   -5.0243
   -4.2175,   -3.3705
    8.3058,    4.7106
   -4.8433,   -4.4246
  -18.0746,  -20.6695
    2.9196,    5.5328
   -5.2363,   -4.5002
   -4.5167,   -1.7948
   -3.4994,   -1.7020
   -2.5610,   -0.0226
    5.8807,    0.9299
    7.7480,    2.6682
   -4.1349,   -4.6793
    5.0219,    0.7470
   -5.2260,    1.7315
   -2.7582,  -10.2660
    3.9503,   -2.0397
   -3.8851,   -6.1562
    6.0954,    5.3521
   -6.9988,  -14.7859
    3.0336,    2.4507
    1.8728,   -0.5346
    1.1848,   -3.2040
   -1.4036,   -2.7557
   -2.9030,    0.6932
   19.8149,   21.2146
    1.7417,    6.1052
    1.1765,    0.6288
    2.3389,   -1.5586
   -5.4980,  -10.7821
   -0.7264,    2.0096
    0.1706,   -0.9701
   -0.4525,    1.1305
    0.4657,    3.9032
    4.3740,    0.4423
    4.8291,    4.0568
   -4.7327,   -0.9748
    0.4078,    0.4389
   -0.0774,   -0.8953
    4.1360,    1.1320
    0.4127,   -4.6455
    0.3603,   -0.2572
    6.6175,    6.3910
   -8.1142,   -7.0091
   -4.8477,   -6.9580
    7.0304,    5.9097
    1.4847,   -0.7909
   10.3525,    8.1871
   -6.9988,   -6.7990
   -1.9521,   -4.8416
   -0.8140,    3.2271
    3.8886,   -1.8346
   41.2595,   30.8199
    2.8813,   -1.6784
    0.1668,   -2.2062
    6.1689,    3.1528
   -5.3308,   -2.9693
    6.1247,    2.0764
   -0.4739,    2.2748
   14.9350,    3.2901
    4.1569,    3.5202
    4.7050,    1.2404
    6.0466,    1.5526
    7.0574,    4.2584
   -1.7560,  -10.5138
    5.8298,    0.2755
    0.3457,   -1.0251
    8.4269,    6.9097
   -2.7169,    0.1277
   -3.7830,   -9.0470
   -0.1992,   -2.9217
   -3.3834,   -0.5178
   -3.1241,   -5.1680
    6.2389,    2.4977
   -5.9728,   -1.7490
    6.2081,   -1.2722
   -4.5658,   -1.5212
   -8.2393,   -5.0892
   -7.0243,   -9.4240
   -3.8953,   -1.8221
    3.8082,    0.7586
    5.9274,    1.2213
    5.2640,    0.0716
    5.3367,    5.6291
   40.5716,   53.8013
   -6.9988,  -13.4587
    1.0062,    2.8071
    0.4879,    3.0253
   -3.7528,    1.0932
   -7.2064,   -5.8644
    4.1644,   -0.8947
   -9.6344,   -6.0149
    3.0980,    6.1882
    2.6088,   -1.9302
    5.6256,    1.8748
    1.3830,   -3.0051
   -8.2538,   -8.0099
   25.8345,   19.2130
   14.3336,   12.2754
    9.2846,    3.1237
    2.9763,    2.9233
   12.0990,    6.4596
   -0.1186,   -0.3948
    3.7048,   -0.1753
   13.0749,   -4.8264
    0.0690,    1.6221
   18.5804,   10.4838
   11.4396,    8.9162
   48.0294,   35.0433
   -2.4942,   -6.2584
    9.6635,    6.2966
    4.1805,    1.3767
   -6.4767,  -11.8516
    4.6708,    3.4045
    8.7261,    8.3996
    2.6532,   -0.9581
    7.9977,    2.3646
   -4.2077,   -8.2764
   -2.5309,   -8.0511
    1.4044,   -4.6448
    0.0772,   -0.5248
   -3.3332,  -13.2357
    4.1470,    3.0410
   -1.8778,   -5.6712
    3.8417,    2.3287
   -5.3836,   -7.3994
   -4.9210,  -11.3619
   -3.9455,   -6.8683
   12.1282,    8.5079
   -6.3378,   -8.7329
   10.3804,    6.0012
   18.8034,   15.6736
    2.7672,   -5.3277
   -3.4218,   -5.5649
    2.5631,   -3.0447
    1.2365,   -0.5675
    8.4426,    4.3723
   10.4800,    8.8023
   -6.9988,   -5.7019
    7.8288,    0.3948
    9.7629,    8.0152
    4.8540,    5.7310
    6.2150,    4.8973
   14.8360,    6.3899
    0.3096,   -0.0758
   -6.9988,   -4.7391
   -2.5274,   -6.8625
    6.7571,   -0.5003
    9.6018,    7.1617
    3.6725,    0.3991
    0.4212,    3.3138
   -2.0252,   -2.8076
    8.9468,    4.4327
    8.7664,    1.3096
    5.7225,    2.0635
   -7.0345,   -9.9312
    3.1409,    2.3406
   12.1786,   12.8726
   -7.2528,  -12.2549
   -6.9988,   -6.1143
   -5.7345,   -1.4518
   -6.9988,  -14.5705
    1.7593,   -0.0497
   -6.9988,   -7.2749
    1.1904,    0.6346
    8.5336,    7.2341
    7.2096,   11.7613
    0.3216,   -0.8035
   -6.1379,   -2.8072
    4.2922,    3.2139
  -10.8663,  -11.3232
   -2.2313,   -4.0014
    4.5457,    3.3486
    3.6633,    3.0975
    0.6894,    1.1110
    1.8136,   -2.6940
    7.6211,    2.6555
    6.0237,    1.8421
   -0.5762,   -7.6306
    9.6342,    3.3577
   -5.0344,   -9.6279
    5.6396,    4.7808
    4.2612,   -0.6442
    3.4037,    2.6620
   -0.2235,   -2.7756
    1.3410,   -0.3897
   12.1438,    9.3163
   -1.3134,   -1.8940
   -9.8620,  -12.2272
   -2.3402,   -4.0526
   11.2261,    7.4867
    2.1941,   -0.4852
  -11.6882,  -14.7871
    5.8469,    2.1578
    4.6320,    8.9055
    9.3438,    4.7766
   -1.6491,   -5.8811
    6.4902,    5.3078
   -5.0902,   -8.2506
  -14.8405,  -19.5711
   -2.6283,   -3.2721
    2.1224,    2.1542
   -0.7245,   -2.8118
    3.6802,   -0.6512
   -7.7793,   -9.4670
    0.8238,   -3.1637
    6.9792,    1.3015
    1.4774,    0.8141
   -1.5984,   -8.8702
   25.1942,   25.3378
    2.1036,   -2.6590
    6.9791,    3.7751
    2.0805,   -2.4639
   -4.6797,   -8.1626
    0.2074,   -1.0807
   -2.0097,   -3.8039
  -10.2855,  -11.6477
    2.7087,   -3.1769
   -1.1995,   -3.2019
   -0.8502,    3.1918
    1.8488,    3.2339
   -4.7267,   -3.5894
    3.8913,    4.6063
    7.4749,    3.7478
   22.9206,   22.8855
    2.9252,    1.9508
   28.5378,   27.9320
   -1.3070,   -1.8531
    9.1707,   13.1158
   -5.2740,   -5.9721
   -7.6689,   -3.7546
   -2.1787,   -0.5418
  -50.3035,  -32.6561
    3.0061,    4.6527
    0.9245,    2.0856
    1.0469,    4.0606
    9.1890,    7.8978
   14.2143,   11.0699
   12.5842,   10.4954
    6.3987,    3.1495
    0.9705,   -2.6460
   -1.4073,   -5.5139
   27.5313,   24.4712
    3.0299,    1.1411
   12.6787,   11.0677
   -6.3260,   -8.0755
   12.8735,   11.4665
   -1.1000,   -3.9933
  -15.0104,  -16.0033
    2.2188,   -2.7091
   -2.7303,   -6.9949
    1.4971,   -3.3413
   -5.6366,   -7.2183
    2.8828,   -1.7936
   -5.1267,   -4.7021
   -3.6288,   -5.7890
    4.0864,    0.4098
    6.0214,    5.4691
    0.9835,    0.0195
   -4.1289,   -4.1574
    2.7259,    2.8255
    2.1958,   -1.1592
   -5.9869,   -7.3695
    1.1647,    0.7300
    0.6999,    0.3997
   -0.5765,    2.9691
    0.5556,   -5.5956
    6.3832,    7.9713
    2.3604,    0.5531
    2.6897,   -4.9888
    8.7876,    4.2875
   -2.1441,   -6.1676
   -1.0367,    0.2331
    1.1315,    2.4804
    0.2481,   -3.3626
    2.2658,   -1.9002
   -3.3425,   -9.2160
    5.9285,    2.9278
    2.5848,   -2.1848
   -2.1981,   -6.8747
   -8.5749,  -13.6654
    4.3720,    4.8486
   17.6899,   19.8748
   -3.8565,   -6.7349
   25.6874,   20.2829
   -1.7643,   -1.6482
    6.5743,    5.0461
    8.5970,    2.2843
  -10.2518,  -13.5101
   -6.8036,  -16.3271
    1.7823,    0.1118
    0.0807,    3.2581
    0.7048,   -1.2711
   -4.7049,   -1.3329
   -2.2669,   -1.5037
    5.1889,    5.8174
    6.9658,    0.7587
   -6.0946,   -7.1878
    1.6385,    5.4066
   -6.1180,   -6.4619
   -0.0197,   -2.4490
   -0.0086,   -0.4903
    6.0358,    5.4741
    9.1478,    9.3045
    1.6050,    0.7853
    0.0532,    1.0862
   14.7781,   11.7807
   -6.9988,  -14.3101
    1.3246,   -3.4716
   -4.8101,   -8.6246
    4.5006,    0.5044
   -0.2807,   -3.8105
   15.1500,    5.4720
   -1.9135,   -2.3522
    1.4603,   -4.4588
   10.8071,    8.3239
   12.9532,    6.6113
   -0.0752,   -1.5065
   10.8433,   14.6609
   11.8986,   11.3181
    0.1743,   -2.0062
   10.2950,    3.8421
   -2.6536,   -9.8005
    9.5173,    4.2896
   -6.9988,  -10.1235
    5.7829,    4.0518
   -0.2013,    2.7972
   -9.1288,  -17.0085
   -0.9852,   -4.4470
   -9.6169,   -6.6996
   -2.7820,   -5.9775
    6.3963,    1.5521
   28.9010,   30.9821
   15.2549,   13.7321
   -1.5742,   -5.3334
   -1.5104,   -3.7230
   -6.5582,   -9.9336
   28.5412,   25.8936
   16.4424,    4.9998
    7.8093,    1.4472
    8.1997,    6.6051
   -0.6079,   -6.2614
    3.3811,    3.6817
    3.3525,   -0.5183
    6.6430,    6.0393
    7.1246,    4.0128
    0.2653,   -3.0847
  -20.1950,  -19.5846
    6.0352,   -7.0291
   50.7213,   48.0591
    0.9709,   -5.2265
   -6.9988,   -4.2878
   -4.6787,   -1.4951
   -0.1509,    2.3512
   -5.2801,   -3.3335
   -6.9988,   -7.9383
   -1.1862,    0.4058
   -5.8684,   -3.5449
    5.9885,    3.8127
    0.2951,    2.3293
    2.9576,    0.7882
    4.7391,    2.9661
   18.0229,   13.8168
    2.2631,    4.5042
    1.2757,    3.3029
   46.3915,   39.7116
   -6.9988,   -2.7804
   -4.4689,    1.2434
   -6.9988,   -4.3171
  -11.6449,   -4.5901
   -4.0905,    1.4468
   -1.8076,   -3.3215
    8.2917,   -2.6781
   15.5619,    9.4291
    0.1382,    1.3558
    6.1180,    5.5580
    3.6632,   -1.2744
   -0.0393,   -7.3336
    0.2869,   -2.7268
    0.8819,    3.8221
    5.0735,   -1.1847
    2.4655,   -5.0622
   -2.7208,   -6.1912
   13.5100,   14.0625
    2.6889,    3.0216
    5.3125,   -4.9253
    4.1437,   -0.9636
   -0.6007,   -6.6201
    0.6968,   -7.5685
    4.1925,    0.2720
    7.2990,   -2.3948
   -1.5872,   -3.7754
   -1.5695,   -3.4682
   12.9333,    6.7610
   -0.8342,   -1.6918
   12.1193,    6.9463
   -8.0561,  -12.3924
   -2.0322,   -1.1387
   14.0865,   13.4205
   -4.6569,   -7.4665
   -7.8633,   -8.0852
   28.6470,   25.3948
    1.7352,    0.9134
   -8.5673,   -7.8785
    6.6201,    2.0534
   -1.4814,   -5.7333
   -3.9204,   -4.2373
   -2.5619,    1.6272
    1.4388,   -1.0707
   -3.5752,   -3.8313
    7.3381,    3.6505
   -1.6664,    3.7058
    6.3894,    3.2991
  -17.1201,  -23.6324
    4.7586,    2.5487
  -11.7270,   -6.0340
    8.1769,    6.2111
   -6.9988,   -8.9939
    9.3124,    5.1344
    3.2925,   -2.2332
   -9.4274,   -7.6917
   -9.6016,   -6.1905
   -1.8312,   -3.6634
   -3.5796,   -6.2517
    5.4841,   -1.0945
    9.4262,    4.9499
   -5.6698,   -4.5198
    0.7896,   -5.3120
    4.3507,    7.4924
    1.7936,    2.2312
   -6.9988,   -5.6668
    0.9480,   -1.5164
   -1.8336,   -2.8240
    0.4437,    0.2230
   -3.5715,   -3.1025
    8.1591,    9.0676
    6.7956,   11.0555
   -3.4160,   -1.3100
   -3.8103,   -9.8017
   -2.5892,  -12.5327
   -3.4234,   -2.8346
   -2.1248,   -5.6156
  -10.4177,  -14.3041
   17.3626,   15.8045
    7.9472,   10.9080
    0.6322,   -0.8577
    2.3983,    0.5925
    4.1576,    0.4529
   -0.8657,   -3.3736
    2.4809,   -4.4277
  -19.1106,  -15.5322
    2.5262,    6.4327
   11.6770,    8.3405
    4.7070,    2.4874
   -0.7100,   -3.1190
    4.4107,    7.7919
    1.1215,   -2.9912
    9.8084,    8.3948
   -5.4816,   -8.8392
    2.8009,    1.0879
   -1.1171,   -3.2528
    8.6244,    4.3504
    2.5251,    1.5946
   -2.8831,   -1.9722
    0.1861,   -2.4912
    4.1619,    6.7644
   -1.1178,   -0.5197
   -2.8777,   -1.9803
    0.1579,  -12.4461
   -5.6368,   -8.5015
   28.8902,   30.1932
    4.9480,    4.4135
    6.1492,    0.6892
    0.3982,   -2.3157
   16.0581,   12.0413
   -4.0987,   -2.4037
   -6.9988,   -2.8075
   -3.2054,    0.4999
   -6.9988,   -5.4449
   -6.9988,   -7.1791
   -5.7991,   -1.7960
    3.8898,    2.3539
    0.3172,    0.0739
    1.0633,   -2.3156
   -0.3444,   -4.9794
    8.3423,    6.0850
   25.2891,   24.4354
    3.5113,    0.9013
   -3.8706,   -5.5445
    4.6766,    5.4008
   -2.0245,   -7.7721
   -1.3621,   -2.2593
   -1.5654,   -4.1057
    3.1450,    1.5379
    6.9696,    6.5513
   -0.3619,   -1.8589
    5.7969,    1.6432
    4.8553,    1.0335
    8.4893,    3.8760
    1.6149,    1.7829
   -0.7799,    0.2614
   -1.5932,   -1.1331
   -7.7628,   -3.5057
   -1.9464,   -2.1378
   -6.9988,   -6.8925
   -8.1508,   -4.1037
   19.5895,   18.3428
    1.0786,    3.8732
   17.8694,   15.0364
   -4.4957,   -5.3163
    4.3276,    5.8911
    7.4275,    7.0686
   20.1384,   22.1892
   -0.6989,    1.6115
  -10.9920,   -7.7113
   -5.7649,  -12.5800
   -3.6347,   -9.7888
   -9.7780,   -8.0791
    4.3850,    1.6013
   10.0777,   15.7300
    1.5444,    1.9773
   -4.1158,   -5.0504
   -6.9988,   -5.5702
   -0.2999,   -4.2400
    0.0242,   -2.0941
   -2.1170,   -7.0099
  -11.8269,   -8.7866
   10.1834,   11.2948
    9.6180,    8.0915
    0.4035,   -4.5529
   -4.8619,   -7.0163
    1.2528,    2.2524
   -9.8435,   -2.0129
    0.8377,    1.3615
    0.3080,   -4.3239
   -2.4692,   -8.9322
   -4.7193,   -7.2614
   -2.0836,   -4.0985
   -1.5336,   -8.0904
  -15.1637,  -14.7003
    4.4329,    5.5066
   -0.9197,   -0.0959
  -10.4700,   -8.7122
    4.4444,    1.6673
   -0.6815,    0.3641
    2.3461,    3.0473
   -2.9320,   -1.5489
   -4.1254,   -5.0474
    0.8452,    3.3080
   -0.1452,    1.6018
    3.2568,    0.4341
   -3.1080,   -1.1916
   -7.8388,   -5.1469
    2.7285,    4.5906
   -4.9962,   -5.6877
   -3.2765,   -4.4705
    1.9932,    1.2973
    0.4900,    0.3545
   -0.8872,    2.5092
   12.0054,   11.0111
   -5.7186,   -4.4392
   10.2757,   12.6828
    1.1151,   -1.4718
   18.7979,   20.9020
  -20.4057,  -15.0047
   -1.6233,   -0.7986
   -5.2853,   -6.9682
  -17.7513,  -15.4600
    1.8551,   -1.4906
    3.8611,   -7.7001
   -2.5930,   -0.4489
    9.6850,   12.2450
   -0.5767,   -2.6816
   -0.2493,   -0.2867
    0.1582,    0.1925
    8.4816,    8.1870
    3.9783,    2.3722
   10.2740,   14.5868
   -5.8763,   -2.4765
    0.1882,   -0.5956
   -4.3384,   -3.4049
    2.5743,    2.5750
   15.9743,   14.9742
   -4.2866,   -2.7439
    9.5603,   11.9259
    1.4506,    2.1002
   -6.7862,   -4.7339
   -6.9988,   -5.8511
   -4.2252,   -7.8447
   -1.6672,   -1.3584
   -9.3664,  -15.5012
   -0.9145,   -0.9190
   -3.1023,   -0.7937
    2.9158,    1.2283
    2.3883,    1.0464
   -0.5876,   -0.7043
    7.0452,    7.4420
   -5.1577,   -5.3637
   -3.0249,   -8.0066
    0.2591,    2.6753
    3.3532,   -3.4797
  -18.2547,  -14.0119
   -0.5118,   -3.3404
   -5.2438,   -3.5410
    2.0111,    3.9046
   -6.9958,   -5.3144
   35.8642,   40.2422
   -6.1791,   -3.7936
    4.1725,    5.2915
   -1.7739,   -2.0625
   -3.0819,   -1.1983
    9.6180,   13.3942
   -1.1313,   -2.6755
    6.4132,    7.6606
    4.1680,    3.7104
    2.4911,    0.8668
    0.6693,    1.2210
    0.3264,   -5.9724
   -0.7864,    2.3185
   -1.6649,    0.1045
   -0.0570,   -0.4685
   -8.1050,   -6.2439
   -3.2999,    0.4821
   -5.8544,   -0.2683
   -4.1182,   -1.1945
   -1.5417,   -1.8161
   -2.4701,    0.6566
   -6.5138,   -3.0746
   -5.5476,   -1.1961
   -8.3682,   -5.7981
    3.4807,   -0.0205
    0.6779,   -1.5732
   -0.1527,    1.7662
   -1.2303,   -1.3210
   -6.9988,   -5.9711
    1.8191,    1.4519
   -4.5622,   -0.6031
   -0.7815,    0.3014
   -0.3507,    1.2911
   -6.9988,   -5.7401
   -3.3111,    0.0710
   -2.9362,   -3.9894
   -7.7334,   -4.8607
   -1.5663,   -0.7353
    2.4415,    1.7206
    3.7450,    1.7285
   -6.9988,   -5.7980
   -2.0101,   -0.1804
   -2.8529,   -2.9532
   -2.3985,   -2.0341
   -1.3297,   -0.3597
   11.7236,   15.5337
   11.7475,   14.9341
   -1.1737,    1.0620
   -0.1587,   -1.2912
    3.1074,    6.8729
    2.9396,   -1.8364
   -1.1235,   -6.2771
    3.4682,    0.6836
    3.0029,   -4.1494
   -7.5442,   -4.4266
   10.5518,    6.3361
   -5.0007,   -8.6502
    7.3258,    9.8544
   17.0884,   13.1278
   -6.9988,   -5.7022
   -6.9988,   -5.6055
    5.8755,   -3.6535
   27.8967,   26.0403
   -6.9988,   -2.5034
   -5.8843,  -14.2409
    2.7386,   -7.6317
    7.7180,    5.4662
   -7.9051,   -4.3381
   -4.9934,    0.5413
   -2.6813,  -13.5059
   -1.3495,    3.8753
    8.3340,    7.3432
   -6.3468,   -2.2991
    0.9052,   -6.9717
    5.7958,    0.9320
    1.1556,   -7.9551
   17.4802,   17.4106
   -1.9959,   -0.8739
   -1.0340,    0.0042
   -1.9959,   -2.0449
   -2.0604,    1.3924
   -2.0338,   -1.8059
    3.1781,    4.6336
   -3.9803,   -2.1680
    0.2154,    2.5642
   -5.4656,   -2.9615
   -3.8037,   -3.2835
   -3.6603,   -3.0625
   -0.4881,   -0.3909
   -1.9959,   -0.3932
   -1.5209,   -0.8285
   -2.3944,    0.1203
   -1.9959,   -2.2226
    8.1112,    9.0739
    0.0863,    1.0537
   -0.0094,    2.5440
   -0.5824,   -1.1072
   -2.1307,   -0.1601
   -3.0634,   -2.7898
   -3.1800,   -2.7002
   -2.6913,   -1.5189
   -0.2616,    0.6951
   -1.1380,   -0.2321
   -1.8398,   -0.6561
   -1.4544,   -0.5724
   -0.8503,    0.6225
    1.2024,    1.8500
    0.8461,    3.8289
   -0.5963,   -6.1631
   -1.4866,    0.0505
   -1.5244,   -0.2906
   -1.9959,   -2.3751
   -1.9959,   -2.8173
   -1.9959,   -2.5483
   -2.1493,   -3.6254
   -1.9959,   -2.2777
   17.3997,   17.7086
   -0.2379,    0.1955
   -1.4340,   -0.4653
   -2.4354,   -1.6730
   -1.5636,   -0.4706
   -1.3370,    0.2061
    0.4575,   -6.0663
    3.3577,    3.5224
   -2.8370,   -8.4953
    7.3595,    8.4167
   -2.9406,   -0.7416
   -0.8001,   -0.1101
   -0.8661,    0.3220
   -0.1931,    1.1289
   -0.4389,    0.2012
    1.3593,    1.9614
   -1.0012,    0.2194
   -1.9959,   -1.3041
   -0.5861,    0.4997
   -2.7042,   -8.7262
   33.3335,   34.0474
   -0.8919,   -3.5942
    3.9837,    3.0727
   -1.9959,   -2.2521
   -3.8483,   -1.8361
   -2.9094,   -2.4276
    0.9716,   -0.4648
    5.5243,    5.4956
   -1.9959,   -2.3026
   -2.0155,   -0.6928
    0.0588,    1.4127
   -2.0770,   -2.3542
    1.7111,   -4.4282
   -2.4353,   -1.4551
   -3.2817,   -6.1665
   -0.8051,   -4.1248
    0.0301,   -1.8750
   -2.2066,   -1.4575
   -1.5429,   -1.1240
   -0.3355,   -0.5627
   -0.2942,    0.8114
   -0.5467,    0.5369
   -0.1512,    0.9245
    8.0559,    8.0905
   -1.8106,   -1.3300
   -1.3839,   -1.4508
    1.9646,    2.8645
    0.5255,    1.4002
   -1.1466,   -1.4635
   -2.3850,   -1.1109
   -0.4254,   -1.6112
    2.4559,    2.4012
    2.0728,    1.9916
    0.1089,    1.3156
    2.4603,    0.9227
    1.2035,    1.5101
   -0.8130,    0.2879
   -0.1865,    0.7989
    5.7957,    5.0353
   -0.4903,   -1.7106
   -0.8859,   -0.4420
   -0.7513,   -0.4383
    2.5061,    3.4994
   -1.5807,   -0.0892
    1.0574,    0.7872
   -0.1727,   -1.8686
   -1.1560,   -2.1856
   -0.5350,    0.1458
   -1.7176,   -1.2599
    3.3109,    3.5090
    0.1178,   -0.0504
   -1.0458,   -0.9480
   -1.1149,   -1.2993
    0.2428,   -4.7137
    2.2359,   -1.5793
    2.8644,    3.2155
   -2.5968,   -2.1870
    0.6059,    1.4694
   -0.9451,   -1.0706
    1.3963,    1.4229
    0.1830,    1.1486
   -1.5188,   -2.8679
    0.6781,    1.2460
   -0.0306,   -0.5953
   -1.0282,   -1.4992
   -0.3546,   -0.3614
   -0.3151,   -0.2690
   -2.3551,   -1.6393
    1.4985,    1.3786
   -2.2307,   -1.7409
   -1.0829,   -0.0301
    0.2922,    0.4232
   -0.0776,    1.6985
   -1.7399,   -1.6978
   -1.9848,   -1.6997
   -0.2656,    1.4500
    1.9201,    2.6996
   -0.3433,   -1.4483
   -0.6857,   -0.7214
    0.8726,   -2.5939
   18.7711,   18.7971
    1.9823,   -0.6016
    0.6702,    0.6160
    0.5411,   -0.2203
    1.5030,    2.6052
    2.6543,    1.9466
   -1.3864,   -0.1713
   -1.3844,   -0.3267
   -0.9839,   -0.4982
    0.0370,    0.1628
    3.8689,    1.9519
   -0.0707,    0.5186
   -1.9959,   -1.4975
    9.8846,    9.1027
    1.5405,    0.0306
   -1.6662,   -1.6274
   -0.1491,   -4.8093
    0.0452,   -0.7443
   -0.6495,   -0.9279
   -2.0066,   -2.7704
    0.1141,   -1.4273
    1.2886,    0.3564
    1.1718,    2.0157
   -1.1647,   -0.5649
   -1.9959,   -2.3276
   -1.0254,   -0.5412
    0.2875,    0.2792
   -0.9051,   -0.1700
   -0.4113,   -3.4793
    0.9021,    0.7601
   -1.1950,   -0.3543
   -0.2391,    0.3544
    1.4930,    1.5692
    0.2908,   -3.5549
    2.8935,    0.9023
    3.6991,    2.1137
    1.0831,    0.4957
    3.4930,    3.9514
    2.0608,    2.7640
   10.6195,   10.4529
   -1.3394,    0.1879
   -0.6085,   -1.9664
    4.8112,    2.9072
   -4.9406,   -4.4276
    2.4990,   -0.8518
    1.5081,   -0.3236
   -4.8107,   -1.5407
   -3.5454,   -1.9264
   -1.4220,   -0.0788
    8.8046,    6.0833
    3.8080,   -0.1423
   -1.6949,   -1.3181
   -9.5334,   -6.1757
   -1.2935,   -6.4669
